date,y_actual,dy_baseline,dy_ts,dy_nn,dy_rnn,osa_ts,osa_nn1,osa_rnn7,y_resp,dy_baseline_r,dy_ts_r,dy_nn_r,dy_rnn_r,osa_ts_r,osa_nn1_r,osa_rnn7_r,y_nonresp,dy_baseline_nr,dy_ts_nr,dy_nn_nr,dy_rnn_nr,osa_ts_nr,osa_nn1_nr,osa_rnn7_nr
1/1/18,0.84291188,3.071777344,2.86126248,2.1845877,1.6810899,2.66914153,2.9541903,1.5482523,0.1532567,1.395446777,1.25876572,0.93459827,0.6769632,1.20543178,1.3693731,0.96018434,0.68965517,1.677246094,1.75525545,1.8915952,0.8310215,1.53894742,0.87925315,1.2633818
1/2/18,10.38314176,8.41796875,8.61508639,8.234965,7.7716665,8.38463083,10.714353,8.461362,4.06130268,2.823913574,3.51457857,2.725413,2.9818728,3.41514205,3.7693186,3.524599,6.32183908,5.594238281,5.2498166,5.4533715,4.9858217,4.90342624,5.96108,5.426692
1/3/18,8.42911877,8.085449219,7.96120076,8.05232,7.5157127,7.94342703,9.190865,7.582548,3.0651341,2.731384277,2.97508318,2.87791,2.8153608,2.98788975,3.1272984,2.8948772,5.36398467,5.35546875,5.08345828,5.115007,4.7151003,4.88302322,5.3137937,4.8837004
1/4/18,1.68582375,0.482421875,1.31129402,1.3380944,1.0093269,1.14752014,1.4582508,1.0623169,0.76628352,0.338500977,0.67768218,0.13055621,0.36176592,0.48979964,0.41046295,0.37311012,0.91954023,0.143554688,0.65183524,1.2606775,0.5543194,0.52463058,0.90146357,0.47852874
1/5/18,7.66283525,6.400390625,6.58970143,6.250945,6.204715,6.69446706,9.659932,6.644524,3.40996169,2.003967285,2.40116651,1.7650764,2.1673782,2.43507718,2.9737058,2.2197409,4.25287356,4.397949219,4.34818591,4.75529,4.0091147,4.34353278,5.0115156,4.2905264
1/6/18,3.25670498,3.870150558,3.49545625,3.9176447,3.7312694,3.60347978,3.5601003,4.0049505,1.6091954,1.508412698,1.49443306,1.4724612,1.5720781,1.56556099,1.8275739,1.5150616,1.64750958,2.36173786,2.11788779,2.5541239,2.064253,2.05007247,2.0263743,2.2844656
1/7/18,1.64750958,2.05324599,1.92916659,1.7810297,1.860593,1.98018271,1.8452961,1.7889314,0.651341,0.820704441,0.95211443,0.60498124,0.7210266,0.98829947,0.8793909,0.83919895,0.99616858,1.23254155,1.07951466,1.2006781,0.97799903,0.97982486,1.0872616,1.1612918
1/8/18,7.24137931,10.29785156,9.90489482,10.33345,10.086176,9.49643936,9.567555,9.819734,2.91187739,3.844116211,3.74925257,3.774622,4.0286756,3.49734446,4.177258,3.7571514,4.32950192,6.455078125,6.24395663,6.5534806,5.9419446,5.99397811,5.610368,6.0422206
1/9/18,6.62835249,8.815429688,8.68871919,8.603788,8.403478,9.00006684,7.1810093,8.965407,1.95402299,3.047363281,3.24612676,2.7643719,2.8946702,3.39332437,2.8438284,3.4229796,4.6743295,5.769042969,5.51837417,5.6401134,5.2054543,5.37337529,4.9568233,5.6265674
1/10/18,6.51340996,8.381347656,8.17511346,8.078133,8.011694,7.94815195,6.931107,8.032622,2.29885057,2.92779541,2.98744451,2.9393778,3.022038,2.83284681,2.835056,2.9294076,4.21455939,5.455078125,5.22150572,5.0453033,4.852835,5.02324395,4.453121,5.0336914
1/11/18,5.74712644,8.229492188,7.89160328,8.09778,7.863287,7.50502163,6.53096,7.2714496,1.80076628,2.930267334,2.89658374,2.9500062,3.0360694,2.74564043,2.5245574,2.6277046,3.94636015,5.299804688,4.97984996,5.048628,5.0366955,4.6605057,4.4876986,4.9255624
1/12/18,7.12643678,8.705078125,8.32147530,8.211591,7.818218,7.85876961,6.137193,7.9019346,2.56704981,2.95880127,2.9750884,2.8200202,3.0121064,2.92791417,2.7389703,2.7175229,4.55938697,5.748046875,5.36485203,5.2939157,5.005331,4.90171263,4.1087074,4.9572315
1/13/18,3.56321839,3.766430392,4.11500885,3.9501383,3.5843158,3.27298551,2.3230913,3.3278327,1.26436782,1.486962794,1.77189227,1.3729013,1.6119629,1.45318406,1.1679925,1.2473803,2.29885057,2.279467598,2.35283146,2.5740674,2.0261407,1.81692792,1.3218511,1.9895887
1/14/18,1.72413793,1.936941474,2.26793090,1.6909137,1.6959761,1.4306441,0.9949941,1.523931,0.651341,0.803519025,1.14248673,0.5657919,0.7623537,0.69135358,0.5576701,0.6748446,1.07279693,1.13342245,1.18477724,1.051942,0.87657464,0.73200314,0.7106507,0.91129017
1/15/18,9.00383142,10.82470703,10.70937370,10.720422,10.528662,9.20670009,8.594792,9.658669,3.60153257,3.984344482,3.9755511,3.7590003,4.1121535,3.41130359,3.8372939,3.5297616,5.40229885,6.841796875,6.76197764,6.8367934,6.2922516,5.98812104,5.5084453,5.8128242
1/16/18,8.16091954,9.310058594,9.23425212,9.096061,8.65031,7.94734601,6.743919,8.43706,3.56321839,3.18762207,3.24976024,3.0278497,3.2475522,2.62827746,3.0571845,2.9997687,4.59770115,6.123046875,6.00660114,5.8613114,5.4961214,5.27498438,4.3475695,5.0702596
1/17/18,6.74329502,8.649414063,8.60432383,8.312208,8.044501,7.47330028,7.073417,7.935737,2.83524904,2.975311279,3.01267912,3.0578737,2.9710274,2.64884942,2.9112377,2.7915952,3.90804598,5.67578125,5.58539879,5.531531,5.161672,4.84348444,4.12143,4.8425765
1/18/18,7.50957854,7.878417969,7.93179178,7.548838,7.5198736,6.65319228,6.0245094,6.747759,3.02681992,2.779632568,2.83606803,2.4470317,2.8049998,2.36519635,2.2718098,2.5295334,4.48275862,5.099121094,5.10289221,4.944528,4.4624586,4.30685167,3.640527,4.22323
1/19/18,7.47126437,8.961914063,8.84498614,8.734123,8.599273,7.98153657,7.77923,8.0484915,3.37164751,3.110107422,3.10776794,3.05118,3.1224053,2.95742831,3.1696851,3.1480627,4.09961686,5.853515625,5.7693289,5.6245823,5.194959,5.04325244,4.5419765,4.819981
1/20/18,3.67816092,3.911641737,4.83459955,4.2220893,4.1477685,4.0531494,3.5064394,3.3629467,1.6091954,1.453589355,1.98768485,1.5151567,1.7789071,1.79914171,1.5924262,1.7652773,2.06896552,2.458052382,2.84682909,2.8487368,2.291697,2.17453244,1.6261827,1.8381271
1/21/18,2.03065134,2.094488058,3.16897782,1.9507148,2.0510144,2.40246409,1.6551523,1.572783,0.72796935,0.772280533,1.35652624,0.85915405,0.79774195,1.16560289,0.7990508,0.8913032,1.30268199,1.322207525,1.78641528,1.276335,1.1184126,1.16485168,0.749672,0.93349475
1/22/18,10.88122605,11.02246094,10.96439470,10.910093,10.751688,9.91817916,9.532597,9.97592,5.55555556,4.038146973,4.07549927,3.8682215,4.1180425,3.91698266,3.6391778,4.205365,5.3256705,6.986328125,6.78306587,6.7707534,6.4610395,6.02106432,5.212493,5.6001887
1/23/18,9.73180077,9.216308594,9.23365743,8.824566,8.405675,8.44360683,8.318398,8.087906,3.94636015,3.145874023,3.21857327,2.8399174,2.9576414,3.43715335,3.6715417,3.341864,5.78544061,6.071777344,5.89927311,5.835949,5.383059,5.01996935,4.589927,4.7166457
1/24/18,9.31034483,8.624023438,8.67723462,8.077822,7.95098,7.87986584,8.608482,7.660597,3.94636015,2.991485596,3.05344989,2.9731686,3.0056732,3.08102975,3.2502222,3.3185906,5.36398467,5.634765625,5.51224165,5.242151,4.996637,4.715782,4.798616,4.42731
1/25/18,8.77394636,8.168457031,8.24780763,8.04139,7.8774962,7.93880287,8.931,7.8607283,4.29118774,2.95614624,3.00822075,3.0517297,3.1264694,3.29899612,3.470511,3.3485367,4.48275862,5.212402344,5.16016847,5.0579214,4.8175783,4.53898945,4.594301,4.2308354
1/26/18,9.65517241,8.716308594,8.80094623,8.53312,8.24617,8.3685694,9.778517,8.522024,4.71264368,3.071228027,3.12293622,2.8816843,3.0992079,3.50113006,3.952832,3.8831527,4.94252874,5.646972656,5.62034608,5.491085,5.1000896,4.93158464,5.2196617,4.6698556
1/27/18,4.21455939,4.014637175,4.74065645,4.2889805,4.018567,4.4645852,5.9552655,4.1259418,2.18390805,1.639458136,2.00663339,1.7103702,1.7798927,2.24521529,3.0754375,2.3735774,2.03065134,2.375179039,2.65941926,2.5706477,2.2092464,2.111079,2.7115386,1.8656255
1/28/18,2.10727969,2.215294566,3.10353294,1.8870065,1.8771431,2.89397227,2.5774355,2.0925925,1.26436782,0.949976075,1.36805015,0.8059467,0.8593671,1.57995283,1.1635658,1.1774304,0.84291188,1.265318492,1.62642514,1.1080644,1.050266,1.14718072,1.4897912,0.8286156
1/29/18,12.33716475,11.07763672,11.18770990,10.966435,10.663866,11.18818033,10.530104,11.582031,5.59386973,4.043457031,4.12435754,4.008741,4.294692,4.96566415,4.429319,5.8242335,6.74329502,7.03515625,6.92706333,6.6500993,6.3224993,6.28666983,5.683325,5.4153028
1/30/18,10.1532567,9.065429688,9.32291707,8.56501,8.104735,9.63346919,11.255242,9.233357,4.40613027,3.117919922,3.23668188,2.7477877,3.0252907,3.90989735,4.449831,4.4952874,5.74712644,5.948242188,5.97824704,5.736897,5.1506915,5.58056837,6.167472,4.757746
1/31/18,8.85057471,8.443359375,8.75518703,8.0155945,7.8746185,9.09803301,10.116228,9.317201,3.52490421,2.963195801,3.08215089,2.989388,3.0060303,3.77614908,4.371718,4.5156474,5.3256705,5.480957031,5.58224737,5.265876,4.7916126,5.26503783,5.4686403,4.864357
2/1/18,9.73180077,8.411132813,8.60074566,8.396107,8.13449,8.90551473,9.522776,9.1722555,4.63601533,3.025421143,3.10576177,2.8323338,3.099165,3.91642177,3.925298,4.4712996,5.09578544,5.385742188,5.39452795,5.3649535,5.1054196,5.01236953,5.765593,4.7416725
2/2/18,9.27203065,8.701660156,8.96667864,8.417823,8.301005,9.39061957,10.104066,9.899484,4.55938697,3.028778076,3.13500291,2.9544928,3.0554843,4.06880669,4.9755716,4.4456153,4.71264368,5.673828125,5.72514905,5.6257567,5.1309295,5.34151786,5.6295323,4.9238257
2/3/18,4.17624521,4.207290081,4.93740018,4.289666,4.0838337,4.8990486,5.6731286,4.845959,2.45210728,1.70964901,2.07186327,1.6713899,1.8065879,2.53470666,3.306848,2.7327304,1.72413793,2.497641071,2.7950249,2.6288614,2.2507527,2.36716635,2.5249572,2.0874803
2/4/18,1.87739464,2.374805414,3.16887286,2.149795,2.054473,3.10026989,2.4729142,2.569359,0.76628352,1.004921946,1.39249194,0.9362206,0.95282894,1.83501421,1.6003746,1.4796363,1.11111111,1.369883468,1.68516902,1.3373501,1.0722952,1.24589856,1.1651045,1.1441835
2/5/18,13.7164751,10.81640625,11.04101820,10.276074,10.165032,11.40282859,9.513113,11.671334,7.16475096,4.139099121,4.14658802,3.7292666,4.1304827,4.95884688,4.314014,6.0978947,6.55172414,6.678222656,6.73649712,6.41567,6.0598483,6.33517484,5.464892,5.955095
2/6/18,11.37931034,9.267089844,9.48420433,9.383752,9.1218605,9.97069712,10.446955,10.583041,6.09195402,3.375152588,3.37491435,3.3962533,3.5165212,4.33767989,6.0486465,5.0279946,5.28735632,5.893554688,5.96121606,5.7875156,5.3845525,5.6031957,5.541962,5.5307136
2/7/18,9.1954023,8.619140625,8.88358975,8.192503,8.139985,9.25681297,9.338414,9.933956,4.63601533,3.167938232,3.17820905,3.0406775,3.2232966,3.93704076,5.3236275,4.9202275,4.55938697,5.452636719,5.54399386,5.1637135,4.830952,5.1907937,4.7443676,5.006364
2/8/18,10.1532567,8.296875,8.53492234,7.8124733,7.624545,9.17128662,8.338311,9.121001,5.09578544,3.135620117,3.1377504,2.873938,2.9871798,4.33609126,4.5541797,5.136894,5.05747126,5.161132813,5.23700463,4.9485874,4.486365,4.82801871,4.6709824,4.6705375
2/9/18,11.14942529,8.916503906,9.14412974,8.469887,8.036632,9.64423487,9.749602,10.139635,5.09578544,3.294555664,3.28841805,3.0679672,3.3029456,4.51337744,5.2475777,5.6692514,6.05363985,5.623535156,5.71255934,5.3933873,4.834858,5.20781748,4.7727194,5.104914
2/10/18,4.36781609,4.172174091,5.14239528,4.6658854,4.315897,5.37320004,6.240388,5.9938564,2.10727969,1.604239421,2.19095496,1.7816992,1.9112601,3.0092881,3.5944805,3.5755148,2.2605364,2.56793467,2.80353162,2.4419742,2.2753727,2.30303025,2.3937345,2.4025981
2/11/18,2.75862069,2.293132442,3.25652663,1.9246868,2.0266883,3.44945592,2.3789203,2.9725082,1.53256705,0.871176982,1.44339397,0.8448518,0.7762275,1.95637324,1.2487125,1.4965713,1.22605364,1.42195546,1.62574389,1.2086467,1.0784447,1.24205785,1.1603135,1.3411374
2/12/18,14.6743295,10.79931641,10.88861010,10.445716,10.408492,12.03778238,11.160908,12.606045,7.12643678,4.01763916,4.02447605,4.1403036,4.2259126,5.53102357,4.8506284,6.968585,7.54789272,6.781738281,6.69769457,6.5899935,6.13745,6.4161154,5.885897,6.476503
2/13/18,10.651341,8.998046875,9.17829037,8.863531,8.727619,10.2919961,11.32503,11.513177,5.70881226,3.212585449,3.22740707,3.0911977,3.2270584,4.72083475,5.144821,5.5779276,4.94252874,5.785644531,5.8284478,5.8102775,5.3504996,5.59623581,5.6209106,6.002876
2/14/18,9.31034483,8.570800781,8.72982275,8.315395,8.139442,9.38505595,9.696851,10.779342,4.40613027,3.088317871,3.09664161,2.8882093,3.0182402,4.18290224,4.4195275,5.146468,4.90421456,5.482910156,5.49817242,5.3889093,4.9943953,5.17430146,4.817568,5.681416
2/15/18,9.42528736,8.419921875,8.48534454,7.6442385,7.6954727,9.5521343,9.0767765,10.05361,4.94252874,3.074920654,3.06617634,2.7529874,3.0156004,4.3746738,4.283849,4.9867244,4.48275862,5.344238281,5.25827536,4.845406,4.6066847,5.05935516,4.4262247,5.325455
2/16/18,9.11877395,8.849121094,8.95264779,8.463815,8.010121,9.96889679,9.718901,10.484204,4.06130268,3.124786377,3.12820941,2.7425466,2.9828668,4.37978586,4.686498,4.89129,5.05747126,5.724609375,5.65691785,5.2776637,5.2411013,5.49367618,4.859153,5.929116
2/17/18,4.17624521,3.96388152,4.80853735,3.9208367,4.0019975,4.9238006,5.1580486,5.551801,2.79693487,1.491393519,2.03361971,1.5778323,1.7175503,2.55824641,2.6409273,2.663613,1.37931034,2.472488001,2.64839384,2.3750455,2.242251,2.36106132,2.3952122,2.6094007
2/18/18,1.57088123,1.816933154,2.23403695,1.4262224,1.447345,2.64890439,1.7705021,2.2116842,0.88122605,0.629852843,1.03660202,0.55388165,0.64821666,1.7963416,1.2709618,0.90222144,0.68965517,1.187080312,1.05806403,0.8930917,0.87961435,0.79925689,0.9144363,1.0369598
2/19/18,9.38697318,10.45214844,10.61048120,10.303887,10.033835,11.87466119,10.859536,12.452719,4.75095785,3.769287109,3.85256532,3.6370142,3.8997595,5.37156332,4.5942116,6.5117254,4.63601533,6.68359375,6.64621336,6.400581,6.208587,6.41369703,6.160217,6.444359
2/20/18,9.69348659,8.786132813,8.95018341,8.714316,8.50002,9.28639337,8.510515,9.914197,4.78927203,2.904418945,2.9959755,2.692773,3.013507,4.23568847,4.331118,4.7351193,4.90421456,5.8828125,5.80751474,5.665707,5.3335485,5.21077914,5.0716057,5.526534
2/21/18,9.42528736,8.580566406,8.63690884,8.162027,8.087353,8.77238479,8.800947,9.154765,3.94636015,2.838348389,2.90874261,2.7522066,2.8306613,3.78610247,4.4150424,3.9900422,5.4789272,5.743652344,5.5390214,5.4146,5.052279,4.90949772,4.650811,5.155059
2/22/18,7.96934866,8.103027344,8.19721038,7.3783507,7.3434997,8.41537863,8.667189,8.507662,3.60153257,2.776245117,2.85040301,2.5558116,2.7079496,3.84605651,4.1629014,3.8087242,4.36781609,5.326171875,5.18246279,4.813314,4.6785927,4.56734428,4.1663866,4.524144
2/23/18,8.16091954,8.446289063,8.63230772,8.116191,7.923544,8.60872371,8.851211,8.9657135,3.33333333,2.847290039,2.93539966,2.7030587,2.991811,3.67243758,4.356772,3.972978,4.82758621,5.600097656,5.57270824,5.2638707,4.878781,4.96067203,4.4193077,4.7019563
2/24/18,2.75862069,4.090663584,4.60431534,4.3253317,3.913011,4.32037141,4.2893867,4.251398,1.6091954,1.583611447,1.84596359,1.5857657,1.6481596,2.41970577,2.3787475,2.0794537,1.14942529,2.507052137,2.63899786,2.4587507,2.2683103,1.9740631,1.6432765,1.9666891
2/25/18,1.53256705,2.222087281,2.68985531,1.3645242,1.7693243,2.25602623,2.1286936,1.6633132,0.8045977,0.85630989,1.11294525,0.6804325,0.71850574,1.35499543,0.92552316,0.7965157,0.72796935,1.365777391,1.44653217,1.0397046,0.9844625,0.8187602,1.1865498,0.8908705
2/26/18,10.22988506,10.95898438,10.89577050,10.759615,10.740374,10.24094188,11.134907,11.15801,4.25287356,3.934448242,3.91434328,4.010734,4.13531,4.38805765,5.1495304,4.8492794,5.97701149,7.025878906,6.89194386,6.7699842,6.4651775,5.99753043,5.996327,5.720558
2/27/18,8.81226054,9.233886719,9.21815193,8.865881,8.664373,9.10618414,8.605196,9.106036,3.40996169,3.104400635,3.09195249,2.7642827,3.0680375,3.79714491,3.6509087,3.6620045,5.40229885,6.130859375,6.04389196,5.9227653,5.6905804,5.29931719,4.83896,5.0647073
2/28/18,7.20306513,8.778320313,8.74993802,8.439542,8.095716,8.58473348,8.0116825,8.171528,3.02681992,2.971618652,2.95645652,2.71766,2.9082298,3.34520912,3.2231596,2.9569676,4.17624521,5.80859375,5.69606429,5.525468,5.2628746,5.15172271,4.695964,4.807016
3/1/18,7.70114942,8.452148438,8.39855810,8.220141,8.055722,7.81688882,7.8606524,7.740716,3.18007663,2.918579102,2.89944157,2.931541,3.0110178,3.173131,3.6162198,2.9693599,4.5210728,5.533691406,5.39716725,5.1963916,5.0782337,4.7297772,4.4325547,4.586355
3/2/18,6.78160919,8.423828125,8.56345186,8.33751,7.923367,7.89006202,7.5109863,7.5460677,2.98850575,2.816253662,2.84667727,2.3868446,2.7439048,3.0047997,3.287638,2.7271397,3.79310345,5.608886719,5.62492739,5.450717,5.0381722,4.93599475,4.407734,4.3422337
3/3/18,3.52490421,4.089626399,4.56678768,4.2927217,3.8443377,3.40254344,3.2108042,3.1981223,1.30268199,1.528161991,1.81289466,1.3539762,1.5721469,1.72570685,1.9130856,1.409996,2.22222222,2.561464407,2.68100977,2.6223128,2.2362359,1.81352703,1.7205197,1.7097819
3/4/18,1.26436782,2.276640373,2.92814733,2.3455734,1.899306,2.08806256,1.8376294,1.5885421,0.53639847,0.865620266,1.21924396,0.75119776,0.74160767,1.1029944,0.9014019,0.64717877,0.72796935,1.411020107,1.62447255,1.2821349,1.1435268,0.93204926,0.9270698,0.8181629
3/5/18,10.38314176,10.77880859,10.65637920,10.685789,10.236217,9.90740742,10.124594,9.674142,5.09578544,4.011871338,3.94011682,4.0602107,4.391284,3.99968326,5.2880006,3.976565,5.28735632,6.768066406,6.67379627,6.5708523,6.082885,5.9830118,5.9295254,5.3113227
3/6/18,7.0881226,9.09375,9.00605677,9.1573305,8.86204,8.3861346,7.468751,8.141204,2.49042146,3.181640625,3.11559875,3.139375,3.3232183,3.30713144,3.4406583,3.1775033,4.59770115,5.912597656,5.85328576,5.8612556,5.4027123,5.16241232,4.626318,4.6054463
3/8/18,6.09195402,4.651367188,5.58170651,4.687293,4.55911,4.81790287,6.8252444,4.661521,2.4137931,1.405487061,1.80784252,1.2019804,1.4813584,1.90582141,2.8414695,1.4755789,3.67816092,3.244628906,3.70597723,3.8048997,2.8970997,2.99354535,3.5803583,2.5934207
3/9/18,7.5862069,8.737792969,8.66777356,8.4446745,8.21002,7.6693667,6.776874,6.6088195,2.52873563,3.09777832,3.03425671,2.9696229,3.1455536,3.02423688,2.702393,2.4375284,5.05747126,5.640625,5.59833555,5.515608,5.04733,4.80299546,4.3019834,4.000807
3/10/18,3.18007663,4.000266836,4.62590104,4.15954,3.9636014,3.73280737,2.6754801,2.8116493,1.68582375,1.517398187,1.94220617,1.7618215,1.7644746,1.60359788,1.190516,1.2873895,1.49425287,2.482868649,2.65673764,2.4965298,2.1889505,2.05981747,1.7362571,1.6063777
3/11/18,1.14942529,2.177465748,2.88500917,1.7875516,1.9093066,1.98194523,1.3236767,1.4413542,0.49808429,0.83018269,1.30024354,0.6170517,0.8224606,1.09706839,0.5347272,0.53208,0.651341,1.347283058,1.55455627,1.2480652,1.0815892,0.96341819,0.8981995,0.92388815
3/12/18,9.04214559,10.92871094,10.83549530,10.981316,10.953808,10.1124012,10.492865,9.442122,3.94636015,4.022277832,4.01950634,4.1451874,4.422835,4.21404721,4.6907897,3.6741114,5.09578544,6.907226563,6.80594605,7.058746,6.4589458,6.07530813,6.249452,5.406696
3/13/18,6.36015326,8.447753906,8.61327677,8.173809,7.8716316,7.38522964,5.9332237,6.18271,2.72030651,2.845428467,2.94980822,2.770817,2.9670618,2.6301875,2.2187886,2.3343153,3.63984674,5.602539063,5.64439242,5.8470454,4.9937296,4.85883253,4.0572815,4.1454062
3/14/18,6.59003831,8.529296875,8.53985742,8.392011,8.008233,7.26679518,6.2862735,6.336147,2.37547893,2.975250244,3.00033074,2.8863184,3.0854764,2.59353588,2.3034332,2.251444,4.21455939,5.5546875,5.52361113,5.6157155,4.884116,4.75065877,4.3125353,4.1425033
3/15/18,6.62835249,8.380859375,8.31329170,8.077209,7.969638,7.61468625,6.475308,6.9948297,2.49042146,3.004577637,3.00670019,2.964391,3.1728156,2.99125137,2.5742571,2.7176092,4.13793103,5.375976563,5.28820905,5.183307,4.6958537,4.62886791,4.1650715,4.01811
3/16/18,6.2835249,8.934082031,8.87070980,8.80152,8.573356,7.70747455,6.985023,7.4417,2.45210728,3.111083984,3.11514193,3.0421815,3.1960373,2.78000517,2.4666371,2.701357,3.83141762,5.824707031,5.73667359,5.695427,5.324596,5.00378891,4.349264,4.318294
3/17/18,3.18007663,4.227927961,4.80536722,4.4729476,4.220619,3.40370976,2.5241234,3.1385279,1.26436782,1.774209036,2.01920173,1.9077823,1.8783625,1.69662727,1.1440223,1.5198144,1.91570881,2.453718924,2.78305141,2.579687,2.2411196,1.88583964,1.2715976,1.601688
3/18/18,1.11111111,2.392955077,3.06201087,1.9971156,1.8386323,1.68028702,1.2368755,1.4156305,0.57471264,1.087145754,1.37293818,0.8424864,0.9364441,0.90267592,0.5931642,0.6321174,0.53639847,1.305809323,1.67419276,1.0403788,0.9898133,0.83238719,0.69398296,0.77870625
3/19/18,9.11877395,10.67529297,10.56583550,11.084874,10.478216,9.09135332,10.197264,8.929682,3.48659004,3.918426514,3.87703157,4.13964,4.250804,3.5896705,4.551426,3.5497699,5.63218391,6.758300781,6.68290436,6.6693916,6.124392,5.67891193,5.860633,5.170943
3/20/18,7.27969349,8.8046875,8.78785672,8.695763,8.267527,7.27404027,6.371182,6.5855985,2.79693487,3.02835083,3.00805577,3.0415885,3.0966766,2.67475806,2.154043,2.552009,4.48275862,5.776855469,5.77800739,5.7888465,5.246269,4.74368778,4.1387134,4.267738
3/21/18,1.49425287,1.013183594,2.05765947,1.3380469,1.3603565,0.60808429,0.7137816,0.8321582,0.68965517,0.51159668,0.83316094,0.43618217,0.494807,0.33450173,0.01400223,0.30357274,0.8045977,0.503417969,1.24371942,1.1931105,0.82500285,0.33937098,0.48335597,0.728655
3/22/18,6.62835249,4.539550781,5.47648370,4.333114,4.2726607,4.37456831,4.723571,4.3221436,2.45210728,1.321258545,1.75725109,0.937835,1.5675792,1.46190017,1.254011,1.4850569,4.17624521,3.218261719,3.67383128,3.7166564,2.8250368,2.91488703,3.2698784,2.9206269
3/23/18,6.55172414,8.674316406,8.59648237,8.261613,7.9334817,7.41686461,6.454444,6.4762855,2.29885057,3.004150391,2.97077674,2.7680836,2.9726443,2.68048858,1.9814184,2.18778,4.25287356,5.671386719,5.6101247,5.4860797,5.0221033,4.82263853,4.2613325,3.9377282
3/24/18,2.4137931,3.963230633,4.53259758,4.18821,3.840434,3.48893074,2.461369,2.7015343,0.84291188,1.556149246,1.87309192,1.6789222,1.7296674,1.46635777,0.8577553,1.1427617,1.57088123,2.407081386,2.65439805,2.5688062,2.090066,1.97487483,1.4086703,1.6916682
3/25/18,0.88122605,2.115637525,2.74935094,1.7395092,1.7617664,1.69676092,1.1197857,1.3826975,0.57471264,0.86608836,1.21602481,0.7102851,0.803292,0.82435321,0.20795193,0.53849846,0.30651341,1.249549165,1.52041359,1.1762657,0.9589471,0.91048587,0.7498508,0.85093004
3/26/18,7.93103448,10.09716797,10.01488550,10.274486,9.821838,9.02143098,9.322058,8.410787,2.56704981,3.566894531,3.54727003,3.6220868,3.7232609,3.33343433,3.7494276,3.1487243,5.36398467,6.53125,6.468784,6.557244,6.0124173,5.7594259,5.9446015,5.2435617
3/27/18,6.59003831,8.427734375,8.37170495,8.191117,7.864751,7.32899138,6.5901265,6.371646,2.37547893,2.736419678,2.7224221,2.6871681,2.821768,2.48715063,1.9907401,2.3088808,4.21455939,5.69140625,5.64909285,5.535892,5.119421,4.90821353,4.056996,4.1157126
3/28/18,5.97701149,8.025390625,7.94268070,7.847104,7.4514604,7.2242068,6.2441854,5.724383,2.03065134,2.621032715,2.6005,2.4473772,2.5890002,2.46130596,1.5926974,1.8544573,3.94636015,5.405273438,5.33077364,5.3234754,4.834294,4.72762673,3.9513605,4.1141043
3/29/18,5.40229885,7.844238281,7.67910649,7.596594,7.3232813,7.11014971,6.536957,6.1693068,1.95402299,2.608886719,2.5748417,2.5607781,2.7074149,2.52209439,2.2367773,2.2000995,3.44827586,5.234863281,5.06679538,4.8904333,4.5980935,4.54837869,4.0074883,4.2047586
3/30/18,5.51724138,8.397949219,8.22885860,7.6799045,7.679365,6.70425703,6.386923,6.261577,1.95402299,2.707763672,2.67712956,2.6295946,2.6490207,2.20511427,1.8586949,2.1757855,3.56321839,5.69140625,5.4999488,5.3369474,4.9503827,4.68925772,4.0298023,4.0175514
3/31/18,2.14559387,3.669068267,4.09861540,3.6118913,3.4410005,2.47772449,2.6136556,2.5107324,0.91954023,1.356165545,1.56438884,1.3223064,1.4593476,0.9853402,0.9237756,1.1290554,1.22605364,2.312902721,2.50841152,2.3276806,2.0544538,1.59422839,1.387603,1.6731842
4/1/18,0.38314176,1.822611351,2.33752967,1.6709913,1.6082633,0.84790383,1.3338485,1.2727028,0.07662835,0.670902155,0.9165902,0.45672718,0.58324915,0.4654338,0.17411105,0.49308133,0.30651341,1.151709196,1.38412273,1.0863638,0.92261267,0.4767363,0.86098284,0.81110793
4/2/18,6.16858237,9.930175781,9.84924552,9.962622,9.496401,8.14716481,8.717193,7.9143867,2.2605364,3.368896484,3.33565178,3.3699884,3.4465647,2.74026637,3.346605,2.6986864,3.90804598,6.561523438,6.52111625,6.45364,5.9770336,5.49105493,4.9601827,5.023303
4/3/18,5.93869732,8.1015625,8.10573688,8.140836,7.5800056,6.3624343,5.728409,6.1970906,1.68582375,2.498443604,2.48375644,2.2498295,2.4643667,2.06943961,1.598785,2.0771766,4.25287356,5.603515625,5.64500217,5.5331054,5.0857143,4.49042148,3.7366016,4.086285
4/4/18,4.86590038,7.739746094,7.69835340,7.502355,7.026465,5.92219086,5.548041,5.289812,1.18773946,2.40234375,2.37336295,2.0620031,2.3391974,1.84236858,1.4786861,1.6834209,3.67816092,5.338378906,5.3207369,5.3495784,4.760321,4.18921503,3.480849,3.7430859
4/5/18,4.78927203,7.43359375,7.36647312,7.3288174,7.05189,5.37957387,5.3542686,5.251219,1.30268199,2.381347656,2.34533384,2.4892225,2.4760332,1.72355168,1.7628442,1.9006817,3.48659004,5.052246094,5.0222121,4.8489623,4.4189568,3.80449682,3.3356266,3.7033436
4/6/18,5.05747126,7.952148438,7.90614102,7.5759845,7.305548,5.87787308,5.4511647,5.3837047,1.6091954,2.48638916,2.45422627,2.4451299,2.4622931,1.82744394,1.581117,1.7492507,3.44827586,5.467285156,5.46298211,5.3244576,4.7200336,4.21725249,3.3619099,3.4459937
4/7/18,2.52873563,3.560988816,3.89972715,3.4861362,3.4435291,2.02326072,1.5126469,2.0344367,0.91954023,1.208685179,1.36686557,1.1462383,1.2837172,0.7338703,0.51409173,0.77580667,1.6091954,2.352303637,2.53742674,2.415201,2.0636477,1.3556759,1.1292552,1.2660432
4/8/18,1.03448276,1.706057034,2.03723905,1.5167084,1.5416373,0.26794944,0.58472854,0.9367063,0.34482759,0.513794524,0.696975,0.46120584,0.5808873,0.06642257,0.32594708,0.46649313,0.68965517,1.19226251,1.36053696,1.1395531,0.91483563,0.30031842,0.30661184,0.6260648
4/9/18,7.93103448,9.859863281,9.75817458,10.027389,9.508417,7.55407887,8.138077,7.269075,1.95402299,3.541748047,3.47159099,3.583497,3.6791637,2.75243376,3.2839718,2.684758,5.97701149,6.319335938,6.33155267,6.3666945,5.792264,5.04694111,4.335112,4.4091425
4/10/18,6.81992337,8.159179688,8.09000166,8.121321,7.499073,6.3634551,5.265596,5.6133943,2.22222222,2.696716309,2.63540881,2.5684826,2.718098,1.92760185,1.8890216,2.0171573,4.59770115,5.463378906,5.49135577,5.445662,4.79081,4.44014859,3.7296913,3.7453127
4/11/18,6.39846743,7.648925781,7.59371695,7.460725,7.045077,5.82514815,4.9367323,5.214862,2.18390805,2.559967041,2.49950969,2.448309,2.5185783,1.7784979,1.4312955,1.6915445,4.21455939,5.090820313,5.13139751,5.1823506,4.5464644,4.159018,3.555743,3.7019985
4/12/18,6.2835249,7.440429688,7.31106653,7.3290462,6.9071627,5.64159958,5.1317954,5.164759,2.10727969,2.543212891,2.47127029,2.5538604,2.555411,1.7626029,1.9707108,1.706413,4.17624521,4.896972656,4.8509402,4.639631,4.074648,3.91174582,3.6853063,3.4963064
4/13/18,6.55172414,8.198730469,7.98641315,7.5605946,7.52681,6.40135583,5.4562573,5.5933733,2.22222222,2.680999756,2.59917107,2.4442043,2.5879617,2.03093631,1.4189651,1.70458,4.32950192,5.519042969,5.35778066,5.432366,4.8884153,4.40294003,4.3307004,3.8578148
4/14/18,2.37547893,3.507109002,3.97044889,3.7501729,3.3243465,2.8241414,2.277633,2.1853914,1.11111111,1.34630145,1.5105975,1.3085951,1.3768327,1.09036932,0.8853077,0.84144974,1.26436782,2.160807552,2.42730199,2.1080935,1.9489781,1.63717428,1.7135724,1.2383235
4/15/18,1.14942529,1.583274902,1.88214852,1.7054744,1.4058522,0.86359373,1.0263276,1.187586,0.38314176,0.624681241,0.76316605,0.615488,0.70841694,0.35186133,0.30321142,0.41696057,0.76628352,0.958593661,1.11483411,0.87763774,0.86814,0.50075758,0.69317603,0.52308285
4/16/18,7.7394636,9.169921875,9.20566404,9.00616,8.679329,8.10963997,7.3741007,7.0927925,2.56704981,3.129180908,3.10651809,3.0669477,3.1053734,2.45104742,3.0117412,2.3498073,5.17241379,6.041015625,6.14956394,6.050323,5.4254646,5.63787409,5.4332967,4.809352
4/17/18,6.74329502,7.793945313,7.76257326,7.3637896,7.1785283,6.79168516,5.620587,6.1181417,2.14559387,2.439147949,2.39538373,2.4030075,2.4421928,2.09299104,1.827358,1.903107,4.59770115,5.355957031,5.41666683,5.2969866,4.5907784,4.82932492,4.94887,4.354197
4/18/18,5.93869732,7.465332031,7.39350876,7.330004,6.896565,6.4979734,5.7707705,5.8655963,2.18390805,2.39163208,2.33165473,2.3044639,2.5194426,2.06026157,1.6972768,1.8232437,3.75478927,5.075195313,5.11798267,5.002331,4.363702,4.55038479,4.5597587,3.9707263
4/19/18,5.97701149,7.149414063,7.05057779,6.8952203,6.7470884,6.12441957,5.92873,5.839564,1.83908046,2.358947754,2.29380385,2.2260096,2.3952396,2.00051016,1.7682399,1.9351677,4.13793103,4.790527344,4.81016063,4.7658143,4.30151,4.2152914,4.350435,4.010038
4/20/18,6.66666667,7.60546875,7.54318428,7.518218,7.124716,6.53273626,6.505995,6.1683683,2.2605364,2.438842773,2.38337921,2.3581994,2.5009131,2.08533432,1.825405,1.9549696,4.40613027,5.167480469,5.21661491,5.3282833,4.6803017,4.58547868,4.514048,4.221402
4/21/18,2.06896552,3.432471837,3.56861734,3.397082,3.272404,2.570519,2.6439173,2.5248203,0.91954023,1.236005929,1.31552126,1.2329865,1.2937528,1.0545589,0.92084694,0.97019863,1.14942529,2.196465908,2.3200049,2.29935,1.8988386,1.66102713,1.5237178,1.6418172
4/22/18,1.37931034,1.602432481,1.86319710,1.4195472,1.5324123,1.08062373,0.8947738,0.9600401,0.651341,0.55177653,0.67718103,0.5140075,0.6402753,0.40090475,0.3954883,0.4301499,0.72796935,1.050655951,1.23182058,0.8442776,0.8737492,0.68794487,0.1617092,0.66065705
4/23/18,8.96551724,10.34765625,10.03162300,10.507595,9.9505825,9.03166937,9.786485,8.689839,3.7164751,3.482055664,3.38592457,3.6371117,3.6814158,3.14037018,3.170147,2.896952,5.24904215,6.866210938,6.69912456,6.9260435,6.4024105,5.965623,5.6353717,5.9278784
4/24/18,7.20306513,8.53515625,8.29055603,8.348334,8.111358,7.39240572,7.7818837,7.138463,2.18390805,2.605865479,2.52704854,2.803968,2.6753256,2.4316894,2.5638702,2.3143625,5.01915709,5.9296875,5.81523929,5.770409,5.235061,5.02341989,4.800894,4.801559
4/25/18,6.85823755,8.114257813,7.85070372,7.8932652,7.3981557,6.87784771,7.0094733,6.457257,2.52873563,2.479492188,2.39604304,2.037785,2.3761663,2.28209809,1.8946465,1.8664327,4.32950192,5.636230469,5.4972371,5.4881225,4.951415,4.67398468,4.5548053,4.362828
4/26/18,6.2835249,7.859375,7.54358698,7.4909415,7.0819387,6.67599628,6.887884,6.239632,2.64367816,2.468261719,2.3751142,2.205288,2.451721,2.21751167,2.28924,2.0188518,3.63984674,5.391113281,5.19868438,5.004644,4.628021,4.43583911,4.1394258,4.3953075
4/27/18,7.12643678,8.424804688,8.11827989,7.808707,7.5909142,7.27141613,6.9703,6.4523735,3.33333333,2.587768555,2.49452849,2.34283,2.5324347,2.46188458,2.3785088,2.2258625,3.79310345,5.838378906,5.66892125,5.353875,4.98657,4.86076512,4.0434704,4.162557
4/28/18,2.37547893,3.687496897,3.99734790,3.7070577,3.4631374,3.01995958,3.3143768,2.742935,1.07279693,1.341056489,1.37026659,1.2496612,1.3553803,1.34511518,1.4815407,1.2187278,1.30268199,2.346440407,2.67780602,2.6546474,2.0909228,1.77312864,1.3962749,1.5950929
4/29/18,1.11111111,1.822358766,2.15531316,1.6612355,1.5340763,1.43330898,1.5311222,1.4227695,0.57471264,0.642736024,0.69111054,0.65943426,0.7014692,0.74122071,0.7186656,0.6255816,0.53639847,1.179622742,1.50929033,1.0868309,0.99323416,0.69027386,0.5631803,0.66327965
4/30/18,9.08045977,10.14013672,9.86796990,10.432354,10.042146,9.10667582,8.751977,9.186354,3.33333333,3.740783691,3.57161205,3.8857613,4.0418572,3.72223332,3.4509368,3.610003,5.74712644,6.400878906,6.36671018,6.4220386,6.113678,5.53064649,5.2262683,5.55128
5/1/18,7.66283525,8.56640625,8.28122867,8.235939,7.8598375,7.53081836,7.6074185,7.4692345,2.64367816,2.926574707,2.75722789,2.6863313,2.9482374,2.6535145,2.6660204,2.7209065,5.01915709,5.641601563,5.575855,5.4329963,4.849277,4.83646602,4.4323525,4.570752
5/2/18,6.20689655,8.208496094,7.87352356,7.785563,7.4270306,7.16090702,6.8814383,6.791999,2.49042146,2.81338501,2.63578693,2.5800078,2.712854,2.6654277,2.378115,2.4483192,3.7164751,5.396484375,5.26212441,5.1213346,4.6203213,4.52533917,4.200944,4.264735
5/3/18,6.24521073,8.031738281,7.61517132,7.663727,7.260575,6.74762273,6.7030168,6.82251,2.03065134,2.80871582,2.6167923,2.7381217,2.8750002,2.66642241,2.6475668,2.5684037,4.21455939,5.223632813,5.00066603,4.807769,4.343889,4.13027312,4.2207174,4.118189
5/4/18,8.12260536,8.585449219,8.17280269,8.078003,7.7765574,7.34827216,6.4574084,7.22115,2.60536398,2.915130615,2.72554577,2.5969834,2.788781,2.85001645,2.2501392,2.5895636,5.51724138,5.672363281,5.44902731,5.3640437,5.136296,4.54976995,4.2973986,4.5079727
5/5/18,3.02681992,3.550969764,4.07526195,4.0361743,3.5155048,3.18138729,3.232047,2.8807807,1.49425287,1.36513919,1.62266392,1.5161232,1.5357496,1.40938222,1.2897038,1.2685975,1.53256705,2.185830574,2.47661769,2.2017376,2.0497177,1.72352338,1.6816108,1.6883695
5/6/18,1.6091954,1.693874555,2.20892180,1.53911,1.5345232,1.51962412,1.0799509,1.2420069,0.8045977,0.667534711,0.94727058,0.5960312,0.6311153,0.79717603,0.566967,0.5363702,0.8045977,1.026339845,1.29816386,1.067741,0.82633144,0.69628178,0.7177676,0.6434796
5/7/18,9.96168582,10.62939453,10.28605720,10.632809,10.331455,9.5724425,9.210248,9.737995,3.98467433,3.998291016,3.80888078,4.2179694,4.3439717,3.6221146,4.0127797,3.7600582,5.97701149,6.632324219,6.54442,6.54346,6.1381655,5.95040002,5.1992135,5.5433335
5/8/18,7.62452107,8.907226563,8.60667920,8.630494,8.600716,7.94928535,8.020836,7.9217987,3.10344828,3.152740479,2.97328333,3.1085677,3.3077538,2.88426112,3.0987659,3.0423849,4.5210728,5.754882813,5.69942422,5.6053514,5.1004705,5.12224501,4.7576923,4.925288
5/9/18,7.39463601,8.432617188,8.13495144,8.339331,8.0342865,7.1869876,6.9729333,7.277504,2.87356322,3.024810791,2.84353386,2.7369199,2.9575453,2.73257886,2.698904,2.6107414,4.5210728,5.409667969,5.35672273,5.296246,4.976179,4.63436986,4.1548324,4.4786057
5/10/18,7.0881226,8.116210938,7.78918024,7.6537313,7.267565,7.02285218,6.8959084,6.917589,3.14176245,2.989685059,2.80369634,2.726992,2.9502618,2.58042099,2.877085,2.6463058,3.94636015,5.125976563,5.04481929,4.8680115,4.2923613,4.44212035,4.121265,4.202599
5/11/18,6.51340996,8.682128906,8.35162382,8.120614,7.8801565,7.91085918,7.481684,7.5321145,2.4137931,3.095275879,2.91128509,2.7327666,2.9170003,2.8928158,3.1099253,2.89829,4.09961686,5.588378906,5.49238329,5.3698363,4.970447,4.98859378,4.484489,4.478937
5/12/18,2.37547893,3.63749757,4.00934643,3.9493458,3.584165,3.1999534,3.0625951,2.9909234,1.03448276,1.29269383,1.68077254,1.288649,1.5560281,1.59572302,1.0757942,1.5757694,1.34099617,2.34480374,2.41355164,2.042752,2.0183594,1.75849418,1.5163033,1.6856167
5/13/18,1.26436782,1.796521973,2.32705555,1.675613,1.5808966,1.662308,1.2053411,1.3763338,0.53639847,0.641857724,1.09622717,0.5436184,0.74073756,0.9950301,0.5275209,0.6820623,0.72796935,1.154664249,1.31508002,1.1773553,0.88298124,0.73307437,0.62691385,0.7347247
5/14/18,8.96551724,10.1640625,9.99206208,10.470253,10.245123,9.31621551,9.351991,9.484696,4.06130268,3.671905518,3.5908974,3.8168674,3.9770036,3.51994371,3.693668,3.7165573,4.90421456,6.493164063,6.47569001,6.551983,6.2278185,5.8561872,5.4698935,5.898069
5/15/18,7.7394636,8.608886719,8.41088209,8.396907,8.034063,7.54152494,7.079932,7.5640635,3.0651341,2.865203857,2.78305757,2.8944943,2.9327333,2.75545934,3.0694478,2.8181098,4.6743295,5.744140625,5.67242358,5.4788675,5.0874934,4.90804402,4.724294,4.805849
5/16/18,6.81992337,8.0703125,7.89502856,7.5153937,7.295843,7.1470717,6.4565134,6.461058,2.37547893,2.713623047,2.63508706,2.3943949,2.6206748,2.58087275,2.5239863,2.5558307,4.44444444,5.357910156,5.3041665,5.015378,4.5140686,4.58679845,4.2078524,4.1946735
5/17/18,6.66666667,7.336914063,7.28681391,6.737316,6.552772,6.50602137,6.317132,6.0622,2.68199234,2.512268066,2.46293416,2.2053099,2.4504213,2.51513134,2.064453,2.4549363,3.98467433,4.824707031,4.89846835,4.611667,4.0902615,4.12469774,3.9738472,3.8190627
5/18/18,7.04980843,8.141113281,8.00545575,7.473565,7.188755,6.94687675,6.498829,6.3268204,2.49042146,2.762084961,2.69144659,2.4123445,2.690333,2.47721605,2.6424997,2.5366523,4.55938697,5.380371094,5.37403906,5.1781263,4.4990544,4.57526929,3.9858503,3.9060159
5/19/18,2.56704981,3.408678661,3.87325702,3.4091508,3.115315,2.9024678,2.770713,2.4925623,0.99616858,1.167441976,1.56717008,1.1162031,1.4379953,1.27240337,1.1068901,1.2668707,1.57088123,2.241236686,2.39597422,2.2448523,1.8358861,1.67203767,1.3857276,1.3864862
5/20/18,1.68582375,1.577731234,2.22787548,1.4744462,1.4821038,1.4528317,1.2552946,1.2846987,0.651341,0.493742468,0.94801052,0.5367446,0.65410084,0.71504846,0.66987234,0.50724554,1.03448276,1.083988766,1.33377451,0.86493343,0.84038377,0.70824693,0.6845449,0.5244963
5/21/18,8.42911877,10.13623047,9.95933716,10.280649,10.030941,9.28358257,9.690568,9.485856,3.2183908,3.37008667,3.3965831,3.5384727,3.7324939,3.53585987,3.7080617,3.7446256,5.21072797,6.767089844,6.59584838,6.5451527,6.2397695,5.81474497,5.850452,5.7160225
5/22/18,7.50957854,8.334960938,8.23341906,8.012751,7.67597,7.57491783,7.34811,7.6838045,2.68199234,2.50302124,2.54490902,2.2923558,2.5967164,2.58462677,2.720115,2.7059417,4.82758621,5.833496094,5.73269307,5.591041,5.108555,4.9842398,5.1384706,4.847252
5/23/18,6.51340996,7.797851563,7.71498416,7.247694,6.9635897,7.00576456,6.590353,6.5882955,2.2605364,2.353637695,2.3992445,2.0642548,2.309061,2.29859269,2.3220825,2.2309923,4.25287356,5.446289063,5.35341941,5.2249475,4.6940103,4.68269814,4.5322094,4.267022
5/24/18,6.05363985,7.592285156,7.44294227,7.289402,7.032502,6.75907443,6.9287357,6.7617364,2.10727969,2.355010986,2.38706095,2.3538954,2.4901297,2.37538139,2.6178317,2.4292068,3.94636015,5.237792969,5.08322785,4.9911337,4.4310493,4.3882732,4.30557,4.187659
5/25/18,7.27969349,8.122070313,7.98250652,7.632191,7.4535184,7.17131098,6.786258,6.9448085,2.10727969,2.452392578,2.48897334,2.103927,2.3464267,2.34982293,2.246799,2.2746065,5.17241379,5.671386719,5.51740855,5.517767,4.965244,4.81947381,4.3944902,4.4443994
5/26/18,2.60536398,3.141033523,4.01229321,3.3098147,3.0954251,3.15323437,2.7283504,2.306052,1.30268199,1.091413996,1.41399173,1.0290141,1.2331711,1.13533342,0.97869515,1.1113038,1.30268199,2.049619527,2.61769487,2.2434225,1.8836869,1.97534891,1.6488105,1.5031867
5/27/18,0.91954023,1.215382544,1.56651255,1.4633825,1.6770684,0.92375419,2.1409597,1.379515,0.42145594,0.228095388,0.41403103,0.4786646,0.5661185,0.32558503,0.6637904,0.37920177,0.49808429,0.987287156,1.18975609,0.99885374,1.1410304,0.59263666,1.2356917,0.73749304
5/28/18,1.53256705,2.888183594,3.75785436,1.4239265,1.3912436,2.7554047,0.22078663,1.2102537,0.57471264,0.926696777,1.29579512,0.455814,0.60992295,1.13081801,0.508265,0.51069766,0.95785441,1.962402344,2.51660917,1.1735771,0.83917606,1.82340746,0.5071727,0.55077165
5/29/18,8.16091954,8.541503906,8.35831959,9.176404,9.114775,7.50491369,9.41439,9.364939,2.87356322,2.466918945,2.50513905,3.015509,2.97131,2.43175034,3.4532397,2.917625,5.28735632,6.075683594,5.85764757,6.2122073,5.88357,5.11611495,6.019635,5.6811795
5/30/18,7.89272031,8.025390625,7.85262913,8.258029,7.874886,6.98568606,6.7876244,7.017801,2.72030651,2.320770264,2.36141299,2.238394,2.4246926,2.27143097,2.1178536,2.2541103,5.17241379,5.706054688,5.48683481,5.827228,5.1855426,4.77385328,4.303024,4.694394
5/31/18,7.12643678,7.66015625,7.48236482,7.33251,7.09657,6.65164344,6.8388734,6.3115845,2.37547893,2.28125,2.31952987,1.9281714,2.2648516,2.16896452,2.4367754,2.2618752,4.75095785,5.37890625,5.167083,5.229282,4.892344,4.50775472,4.098044,4.329708
6/1/18,5.3256705,8.192382813,8.02243751,7.813533,7.494183,7.43457361,6.9410424,7.0582724,1.64750958,2.354644775,2.39910571,2.151874,2.322902,2.29421529,2.2962859,2.4841566,3.67816092,5.838867188,5.62104602,5.5406127,5.1533065,5.08801028,4.4226894,4.612358
6/2/18,2.4137931,3.351891527,3.92328818,3.8320603,3.5097961,2.98138174,2.3349698,3.0661979,0.99616858,1.095038435,1.2748866,1.0681771,1.288375,1.17237403,0.9644622,1.2243155,1.41762452,2.256853092,2.64416083,2.4998362,2.203936,1.93270976,1.6882833,1.7676717
6/3/18,1.41762452,1.454875875,2.02315806,1.5314935,1.444354,1.26031608,1.2642051,1.1566136,0.57471264,0.412586983,0.60948888,0.49782917,0.6024566,0.50720786,0.54794556,0.52548426,0.84291188,1.042288892,1.42249113,1.0923312,0.842311,0.79376856,0.7181567,0.58979505
6/4/18,8.35249042,9.380859375,9.49313780,9.179356,9.108348,8.38197622,7.7180066,7.780705,2.79693487,2.939208984,3.12354249,2.7529402,2.9232621,2.84491986,2.7251663,2.7580402,5.55555556,6.442382813,6.38087042,6.4188395,5.8052473,5.61991721,5.032363,5.3421903
6/5/18,6.66666667,7.811035156,7.91118576,7.440267,7.4473257,7.35330561,6.928099,6.6893616,1.99233716,2.147796631,2.33000671,1.9182308,2.2364812,2.3671816,2.1458488,2.3797894,4.6743295,5.663574219,5.57898106,5.4670234,4.998902,4.96060374,4.9274635,4.694599
6/6/18,6.1302682,7.358398438,7.45144986,7.429439,7.0869946,6.93610663,6.3360014,6.3017564,1.87739464,2.018493652,2.19797905,2.0238674,2.1220405,2.20276034,2.0305843,2.0600777,4.25287356,5.340820313,5.24586945,5.2727027,4.7713075,4.73935475,4.294751,4.438812
6/7/18,5.44061303,7.061523438,7.12253223,6.883039,6.6672645,6.31240202,5.94499,6.2020106,1.80076628,1.997802734,2.17014608,1.9434085,2.175874,2.00311258,2.0430608,1.986521,3.63984674,5.063964844,4.94359291,4.839653,4.4233847,4.38075169,4.175246,4.2016
6/8/18,7.0881226,7.662109375,7.71179995,7.209331,7.1306376,6.26722239,6.170453,6.351901,2.29885057,2.117462158,2.288532,2.1360838,2.3647468,1.89155804,2.138671,2.0139108,4.78927203,5.545898438,5.41358078,5.207157,4.785014,4.57746691,4.2516513,4.1679654
6/9/18,2.56704981,3.200071631,3.68683942,3.1340535,3.110528,2.69314452,2.5539658,2.429853,1.14942529,1.21586084,1.19642947,1.1069362,1.2640394,0.99189062,1.0454421,0.98246,1.41762452,1.984210791,2.47577517,2.0799983,1.912426,1.71799939,1.5662233,1.4532937
6/10/18,1.4559387,1.332921068,1.78097401,1.2778051,1.3791299,1.06558211,0.85569423,1.1034708,0.76628352,0.502680592,0.48950737,0.5464141,0.6148336,0.38045314,0.5115492,0.4304278,0.68965517,0.830240476,1.28029771,1.0269496,0.7486364,0.66438525,0.549115,0.53007716
6/11/18,7.77777778,8.823730469,9.14794196,8.658668,8.545609,8.33849401,7.5018907,7.5328193,2.03065134,2.664794922,2.89204024,2.6716383,2.846202,2.76720795,2.582749,2.5361443,5.74712644,6.159179688,6.28463343,6.0934906,5.5947375,5.64267434,4.8391337,4.9159546
6/12/18,6.05363985,7.311523438,7.61099120,7.2128983,6.8576217,6.72361362,6.518869,6.1301055,1.76245211,1.920959473,2.13891766,1.9201537,2.1930199,1.9121156,1.751605,1.9881682,4.29118774,5.391113281,5.49798723,5.308198,4.6627836,4.87562139,4.5290394,4.4316435
6/13/18,5.74712644,6.943359375,7.19892603,6.833015,6.5677238,6.2441418,5.9062657,5.6519885,1.83908046,1.807983398,2.01804808,1.6914359,1.9018513,1.81830144,1.543848,1.6834639,3.90804598,5.136230469,5.18375706,4.973434,4.563831,4.51293579,4.3918133,4.149544
6/14/18,6.62835249,6.690429688,6.89309727,6.0600467,5.975486,5.84021147,5.543416,5.5841665,1.87739464,1.786712646,1.98769723,1.5558124,1.8352356,1.72703626,1.3905389,1.6132318,4.75095785,4.903320313,4.89445746,4.5908575,4.117087,4.16425103,3.9004672,3.9182534
6/15/18,6.89655172,7.20703125,7.43306348,7.2346673,6.947876,6.755657,6.6230426,6.2052574,2.03065134,1.89263916,2.09751861,1.7665644,1.9980513,1.99218851,1.6747401,1.7105054,4.86590038,5.314941406,5.33868248,5.2790284,4.8841085,4.7437637,4.6727524,4.5966167
6/16/18,2.18390805,3.193369813,3.37659520,2.8702385,2.8779902,2.60791934,2.4415376,2.3223078,0.84291188,1.095331957,1.00437839,0.91642636,1.0287521,0.90436874,0.7848237,0.8213283,1.34099617,2.098037856,2.39068362,2.2231882,1.8588374,1.78279426,1.709535,1.6534911
6/17/18,0.99616858,1.354901008,1.66421581,1.3836578,1.3601682,1.10336669,0.9659887,1.1975193,0.30651341,0.4107973,0.36216788,0.50546193,0.49003416,0.32826456,0.39748785,0.39612997,0.68965517,0.944103708,1.29532999,0.9514873,0.78857726,0.79074472,0.66787815,0.8593574
6/18/18,7.24137931,8.700195313,9.02048437,8.088917,8.077002,8.20349262,6.418856,7.3719134,2.06896552,2.6015625,2.83523902,2.2733223,2.5244567,2.48700959,1.8948495,2.1923792,5.17241379,6.099609375,6.18786327,5.9120026,5.400981,5.70755421,4.749934,4.891073
6/19/18,4.98084291,6.945800781,7.31803927,6.5468183,6.347484,6.36960259,6.3022017,6.02193,1.68582375,1.741119385,1.98773731,1.6756238,1.9027758,1.75598009,1.6600643,1.7704523,3.29501916,5.206054688,5.32868144,4.864333,4.51576,4.70779449,4.2783813,4.309598
6/20/18,6.01532567,6.482910156,6.85896255,6.2279353,6.0795164,5.91678387,5.7576885,5.6507196,1.91570881,1.628204346,1.87092815,1.5244406,1.7341251,1.72804216,1.4194871,1.5219144,4.09961686,4.855957031,4.99567168,4.6648307,4.4200654,4.29811103,4.101747,4.083417
6/21/18,6.05363985,6.159179688,6.51187306,6.138358,6.2278275,5.90699229,5.921302,5.960251,1.34099617,1.595703125,1.83363885,1.6922913,1.809047,1.69068086,1.8549323,1.6819073,4.71264368,4.563964844,4.6850215,4.617891,4.1228127,4.15873601,3.789454,4.01037
6/22/18,6.55172414,6.496582031,6.92911684,6.911364,6.6029463,6.23517524,6.3650727,6.320854,1.68582375,1.645965576,1.90213429,1.6893799,1.8377309,1.73486181,1.4966892,1.6925938,4.86590038,4.8515625,5.04808067,4.831783,4.4981117,4.55392409,4.49696,4.506682
6/23/18,2.60536398,3.122848855,2.83271679,2.7094839,2.724379,2.04267675,2.350197,2.5151849,0.95785441,1.016549329,0.79927955,0.7963842,0.9083869,0.64139443,0.75734067,0.8266072,1.64750958,2.106299525,2.08121687,1.9906878,1.7074301,1.5533141,1.5111722,1.5846882
6/24/18,1.07279693,1.289718701,1.15164782,1.3177443,1.3186399,0.58541241,1.037706,1.248065,0.34482759,0.338650909,0.17124878,0.37334263,0.4889226,0.05091099,0.43396458,0.40994787,0.72796935,0.951067793,1.00128673,0.9225481,0.8206051,0.58537621,0.74377763,0.7673497
6/25/18,6.85823755,8.281738281,8.73613216,8.043487,7.8012805,7.77849239,6.3611345,6.9511027,2.03065134,2.377441406,2.65741782,2.0720668,2.2594428,2.35589146,1.7541617,1.8518004,4.82758621,5.905273438,6.1033757,5.8202357,5.4498305,5.5034852,5.0297565,4.9023256
6/26/18,5.28735632,6.485839844,7.01539990,5.786527,5.6761146,5.91654017,5.67385,5.019773,1.26436782,1.521850586,1.81595493,1.3775505,1.5382081,1.6570482,1.4917811,1.4537406,4.02298851,4.964355469,5.23898265,4.8373528,4.206117,4.45136395,3.9382222,3.742038
6/27/18,5.21072797,5.953125,6.50349537,5.6730227,5.410092,5.81534342,5.621302,5.062657,1.49425287,1.376861572,1.67382595,1.2945507,1.5001158,1.57368784,1.5525851,1.3981473,3.7164751,4.577636719,4.86854927,4.490832,3.8604455,4.24207685,3.7339113,3.7163193
6/28/18,5.21072797,5.561035156,6.10636919,5.745581,5.450698,5.46533989,5.2846804,5.4154058,1.41762452,1.280975342,1.58182111,1.492731,1.6042162,1.30956587,1.848867,1.4162965,3.79310345,4.279785156,4.55531751,4.1358404,3.9343107,4.07131234,3.8891761,3.823182
6/29/18,5.17241379,6.366210938,6.82716120,6.4871955,6.382728,6.19494332,5.757594,5.8962016,1.22605364,1.478363037,1.76134485,1.4952817,1.6167113,1.58865732,1.3469254,1.4017543,3.94636015,4.889160156,5.0806987,4.961364,4.53035,4.60412932,4.3069634,4.4721885
6/30/18,1.6091954,3.197133318,2.80781282,2.859471,2.7342517,2.12431778,2.0955372,2.2079542,0.61302682,0.988535194,0.68684239,0.75441176,0.81267124,0.58863143,0.7096267,0.6846997,0.99616858,2.208598124,2.14638656,1.9057237,1.7389966,1.60700842,1.258758,1.5518601
7/1/18,0.88122605,1.359178392,1.07465882,1.4508489,1.4499063,0.40265252,1.0254967,1.1561916,0.26819923,0.302341401,0.04149775,0.3681497,0.4656405,-0.03312811,0.37364936,0.36888605,0.61302682,1.056836991,1.04105221,0.91643995,0.87934047,0.50204029,0.40333843,0.79090166
7/2/18,6.55172414,8.462890625,8.59035656,7.4954047,7.383113,7.49868449,5.372836,6.058092,1.07279693,2.377380371,2.56504694,1.6879133,2.0272515,2.28001589,1.3274235,1.6862984,5.4789272,6.086914063,6.05256992,5.7623453,5.165674,5.35242151,4.809653,4.720548
7/3/18,5.78544061,6.710449219,6.88813493,6.671132,6.2757397,5.77838609,5.4601474,5.998415,1.6091954,1.504394531,1.70586927,1.6137494,1.649338,1.33898929,1.4938091,1.3336453,4.17624521,5.206542969,5.20346664,4.902798,4.4966445,4.47999798,4.2418118,4.412559
7/4/18,0.26819923,-0.888183594,0.29756305,0.87066233,1.0504574,-0.67020129,1.1483394,1.3046566,0,-0.919464111,-0.39895013,0.28321183,0.32053244,-0.60571031,0.21984543,0.19839141,0.26819923,0.032714844,0.74703453,0.65382093,0.6267406,0.06813678,0.85054153,0.7668272
7/5/18,4.59770115,5.876953125,6.04597647,5.5278172,5.2226768,5.29091638,4.9853935,4.9545197,0.84291188,1.351348877,1.5477655,1.1515605,1.2915442,1.3436112,1.1317608,1.0831183,3.75478927,4.525390625,4.52176366,4.230324,3.8823607,3.93369401,4.607887,4.243088
7/6/18,6.24521073,6.072753906,6.37026197,5.841558,5.5301847,5.39354186,4.8784184,4.9796915,0.99616858,1.322814941,1.55085959,1.0478863,1.2080646,1.24160082,1.160723,1.1009732,5.24904215,4.751464844,4.86124878,4.5657725,4.192251,4.22742405,4.1906967,4.45615
7/7/18,1.57088123,2.787948361,2.22641434,2.1890903,2.1568248,1.56670597,1.815266,2.1755526,0.30651341,0.796145335,0.444305,0.5400834,0.6157212,0.32216311,0.40984774,0.5043442,1.26436782,1.991803025,1.85761133,1.6476097,1.5879853,1.34200235,1.3658876,1.6147548
7/8/18,0.68965517,0.978459411,0.61883222,1.2296352,1.2413282,0.17612735,0.7718014,1.1003454,0.22988506,0.148645383,-0.12070056,0.3018046,0.3618872,-0.23038553,0.22506864,0.26206046,0.45977011,0.829814028,0.81064761,0.88378114,0.8072703,0.45604481,0.61658233,0.7383422
7/9/18,6.70498084,7.731933594,8.04032392,7.244385,7.0487156,7.1754819,5.976831,6.4434166,1.57088123,2.064727783,2.33324313,1.6143534,1.784528,1.78206148,1.2296731,1.3875357,5.13409962,5.66796875,5.78037792,5.4638705,5.1139264,5.40179479,4.9587026,5.0822034
7/10/18,5.05747126,6.081542969,6.40287440,5.4872384,5.4515376,5.80200685,5.0495358,4.696726,0.76628352,1.230651855,1.50470864,1.1974413,1.3880991,1.3696868,1.2415196,1.1789842,4.29118774,4.8515625,4.95647201,4.4484105,3.9840703,4.5117139,3.5733206,3.9349544
7/11/18,4.59770115,5.586425781,5.91094909,5.455679,5.1379356,5.51900642,4.976683,4.7626896,1.03448276,1.089508057,1.36447161,1.0321939,1.1961558,1.33078376,1.0599474,0.92399234,3.56321839,4.498535156,4.59414154,4.4436564,4.035707,4.20803954,3.9521666,3.7649329
7/12/18,4.94252874,5.263671875,5.56951896,5.1194353,5.004996,4.74448646,4.6604214,5.129014,1.07279693,1.063751221,1.33296157,1.0778673,1.1808457,0.89989143,0.89350355,1.0052702,3.8697318,4.199707031,4.29276012,4.2112594,3.6710973,3.88475976,3.620829,3.990202
7/13/18,4.40613027,5.75390625,6.09062516,6.1289973,5.8331866,5.63761089,5.5118847,5.619897,1.18773946,1.160400391,1.43578005,1.2976166,1.3914425,1.08560615,1.2087277,1.1510853,3.2183908,4.594726563,4.72297279,4.621797,4.2503386,4.47934769,4.71042,4.4132514
7/14/18,2.18390805,2.743284349,2.03770845,2.2471354,2.3081877,1.33798655,1.6166315,2.0443008,0.61302682,0.828783164,0.33624196,0.5786596,0.6142483,0.13968617,0.5414458,0.47028694,1.57088123,1.914501185,1.76745328,1.7558326,1.6301677,1.32948561,1.4354815,1.6035657
7/15/18,0.95785441,0.909631911,0.27237536,1.0854299,1.1187527,-0.09827309,0.7441835,0.90933037,0.38314176,0.134982911,-0.32127511,0.2275419,0.35471115,-0.320076,0.14526199,0.21951641,0.57471264,0.774649,0.65086288,0.8802521,0.69963837,0.2877906,0.4310645,0.63858104
7/16/18,6.85823755,7.732421875,8.04271871,7.007345,6.599479,7.29624066,6.5083303,5.8488383,1.18773946,2.030548096,2.30176198,1.4413737,1.6091286,2.03790709,1.2461534,1.2926927,5.67049808,5.702148438,5.80956484,5.4963183,4.953435,5.31647862,4.9723997,4.6070776
7/17/18,5.40229885,5.866699219,6.26468277,5.8589697,5.4815273,5.50887124,5.2750688,4.9939003,0.99616858,1.108886719,1.40373823,1.1284909,1.2439886,1.07969682,1.0892304,1.0697782,4.40613027,4.758300781,4.92474697,4.6289105,4.1479506,4.44790023,3.8732827,3.7610855
7/18/18,4.71264368,5.271484375,5.71581517,5.37812,5.0180016,5.06221972,5.0782776,4.5972605,1.14942529,0.955047607,1.25652109,1.0896175,1.2359184,1.12268464,1.0712806,0.9965546,3.56321839,4.317382813,4.53372278,4.2995086,3.8173475,4.0582718,3.725823,3.7157736
7/19/18,4.48275862,5.09375,5.47687704,5.170604,4.9870543,4.8919159,4.960195,4.740116,0.72796935,1.012451172,1.29367161,1.0602219,1.1751657,1.09071442,1.0011803,1.0510156,3.75478927,4.08203125,4.27278706,4.102719,3.6423078,3.82333317,3.814947,3.7177544
7/20/18,4.98084291,5.63671875,6.02546586,5.7906237,5.561136,5.22032729,5.211848,5.2727714,0.88122605,1.11416626,1.39884835,1.2847576,1.4216003,1.19156568,1.0254802,1.1406653,4.09961686,4.5234375,4.71382209,4.2791705,4.013814,4.1565325,4.313441,3.9970238
7/21/18,1.53256705,2.873033285,1.76522049,1.9945384,2.2864685,1.46117915,1.7133147,2.0696907,0.53639847,0.885032173,0.21907131,0.5854214,0.6440186,0.18187429,0.5734484,0.5221882,0.99616858,1.988001113,1.64874779,1.5699277,1.4755933,1.25705428,1.3093296,1.2773218
7/22/18,1.18773946,1.023502398,-0.01016050,1.1927558,1.1353879,-0.17153052,0.98440915,0.96702254,0.49808429,0.188850382,-0.44885702,0.2298368,0.3893657,-0.36602155,0.27686387,0.29883477,0.68965517,0.834652016,0.52130423,0.902228,0.6887493,0.24098155,0.7171365,0.62890434
7/23/18,6.05363985,7.603027344,7.95866795,7.1928315,6.9129543,7.41833721,6.725163,6.510848,1.57088123,2.011657715,2.24011356,1.4800359,1.6841794,1.87662906,1.5471241,1.2738875,4.48275862,5.592285156,5.7762309,5.4696255,5.101533,5.51251942,5.2670116,5.127118
7/24/18,4.90421456,5.953125,6.32658458,5.870255,5.2868342,5.71888041,5.037697,5.042824,0.91954023,1.2003479,1.43234553,1.1360418,1.3627385,1.24724349,1.2650207,1.129017,3.98467433,4.753417969,4.94719004,4.64636,3.9735613,4.54655769,4.1502213,4.1231937
7/25/18,4.6743295,5.459960938,5.84579222,5.1157103,5.0391817,5.22591676,4.608119,4.836795,1.07279693,1.056427002,1.2885323,1.031976,1.2405906,1.22365508,1.0939524,1.0075395,3.60153257,4.404785156,4.61573325,4.3427954,3.6779609,4.13204027,3.5899951,3.5547793
7/26/18,4.21455939,5.318359375,5.62325239,5.474942,5.487329,4.90721981,4.5827293,5.014486,0.72796935,1.098907471,1.31035328,1.098146,1.2434368,1.0295369,1.100634,1.033096,3.48659004,4.219726563,4.37150874,4.390919,3.9876184,3.87902424,3.9103973,3.9238634
7/27/18,5.40229885,5.864257813,6.17659812,5.789197,5.8293347,5.43218727,4.8329234,5.0920906,1.03448276,1.202209473,1.41661049,1.3775539,1.4207867,1.1520269,1.1581911,1.1733766,4.36781609,4.663085938,4.81995663,4.554927,4.2504897,4.29670651,3.8498764,4.009421
7/28/18,1.91570881,2.994659653,2.10808800,2.5522964,2.4499247,1.67042636,1.5832409,2.0099602,0.53639847,0.832600015,0.31957083,0.59715134,0.6165527,0.33961686,0.5339833,0.49426892,1.37931034,2.162059638,1.8616576,1.8365436,1.8387634,1.37949422,1.297801,1.5298486
7/29/18,0.53639847,1.14239149,0.30139580,1.3307095,1.2459542,0.1993485,0.5456868,0.9571474,0.30651341,0.143270916,-0.33834563,0.3018504,0.37176517,-0.15019123,0.23869932,0.23447672,0.22988506,0.999120574,0.7126456,0.8195439,0.9276396,0.37693351,0.52335924,0.70021796
7/30/18,6.39846743,7.603027344,7.93348788,7.133745,6.7141223,6.95965416,5.6568465,6.068731,1.87739464,2.054473877,2.28786633,1.7153187,1.8521929,2.01164153,1.2006332,1.3294921,4.5210728,5.549804688,5.71027979,5.3949833,4.9875917,5.12082831,4.6053476,4.739822
7/31/18,5.21072797,5.851074219,6.23372312,5.9896836,5.6060147,5.36751668,4.3675857,4.9538264,1.37931034,1.199951172,1.44566131,1.1694857,1.3036798,1.22205528,0.9617346,1.0693583,3.83141762,4.65234375,4.85076124,4.4813027,4.176657,4.2231995,3.3395665,3.8766196
8/1/18,5.21072797,5.367675781,5.74496307,5.189952,5.040133,4.96656993,4.479347,4.420279,1.14942529,1.04989624,1.29684968,1.065973,1.260058,1.19043489,1.0032711,1.0059044,4.06130268,4.318847656,4.49184507,4.3493514,3.6646214,3.8538606,3.2434378,3.3263576
8/2/18,4.29118774,5.109375,5.44164077,5.1026583,4.976294,4.63593654,4.6568613,4.4692187,1.18773946,1.018951416,1.25727317,1.0703288,1.2176471,0.99773748,0.7925869,1.0450675,3.10344828,4.090820313,4.22406877,3.9077482,3.6566455,3.62854051,3.2567403,3.4271634
8/3/18,4.78927203,5.642089844,5.98630376,5.377544,5.3261137,5.35528612,4.5987334,4.7624044,0.651341,1.130340576,1.37179302,1.0555121,1.2154951,1.22418189,0.8909005,1.0446901,4.13793103,4.512695313,4.65727208,4.542082,3.9341507,4.11331058,3.8362753,3.7258384
8/4/18,1.49425287,2.856258956,1.91268864,2.2076905,2.366678,1.42846114,1.5629569,1.9800482,0.45977011,0.844694953,0.26623571,0.55768234,0.62264436,0.2366009,0.4990766,0.48809427,1.03448276,2.011564003,1.69898947,1.7290646,1.5908431,1.20555235,1.0934744,1.2498052
8/5/18,0.76628352,1.032275614,0.21188620,1.2276286,1.2124141,-0.15830844,0.86620045,1.0425668,0.22988506,0.170514465,-0.35235113,0.34865695,0.3744036,-0.21047878,0.3190163,0.28342533,0.53639847,0.861761149,0.61042342,0.91358155,0.7952011,0.13609996,0.38218793,0.55954146
8/6/18,6.78160919,7.875488281,8.15438491,7.091704,6.860118,7.35856593,6.0722275,6.1686964,1.6091954,2.147247314,2.39450694,1.7117664,1.7993687,2.23588668,1.236308,1.439178,5.17241379,5.729492188,5.77613652,5.419967,5.034656,5.18038259,4.749421,4.6814384
8/7/18,4.98084291,6.137207031,6.46266131,5.7653537,5.466036,5.78174295,4.900312,4.844497,1.37931034,1.295196533,1.55392839,1.2345777,1.3407153,1.44123686,1.0800143,1.1654292,3.60153257,4.842285156,4.92103022,4.5608945,4.0297947,4.35532333,3.950545,3.7837682
8/8/18,4.98084291,5.606445313,5.95428131,5.528856,5.2429314,5.37033366,4.7379837,4.841371,1.53256705,1.147460938,1.40893432,1.1540817,1.282796,1.33276472,1.0573652,1.0343145,3.44827586,4.4609375,4.55996365,4.337828,3.9502618,4.04926041,3.834483,3.5848844
8/9/18,4.86590038,5.215332031,5.56182662,5.2473993,5.0926247,4.75500825,4.7130446,4.883928,0.95785441,1.092102051,1.35422575,1.2147952,1.3288784,1.22306501,1.2002648,1.1115104,3.90804598,4.123046875,4.22390436,4.139106,3.7406325,3.62598277,3.8030882,3.651551
8/10/18,5.3256705,5.803710938,6.14870919,5.860529,5.7448134,5.38643879,5.4023595,5.318189,1.41762452,1.226013184,1.48608948,1.344321,1.3570218,1.176926,1.2037928,1.2268953,3.90804598,4.579101563,4.68850234,4.443097,4.290681,4.1783473,4.3165874,4.181578
8/11/18,2.29885057,2.874896878,2.03137744,2.3479514,2.3352299,1.52569104,1.8099519,1.9904306,0.61302682,0.985620922,0.36143474,0.6736457,0.7341623,0.3947987,0.66928613,0.62371576,1.68582375,1.889275956,1.70710651,1.662506,1.5667405,1.20072053,1.3393059,1.456747
8/12/18,0.95785441,1.018669451,0.23616580,1.1276808,1.1844398,0.06547062,0.8801695,1.094771,0.26819923,0.297728285,-0.29526393,0.4058649,0.429463,-0.18087716,0.51466423,0.3753949,0.68965517,0.720941165,0.5617635,0.7774395,0.6683333,0.25219219,0.4158091,0.51104254
8/13/18,5.74712644,7.779785156,8.09370566,7.314819,7.01623,7.40425359,6.907249,6.5000815,1.53256705,2.180267334,2.3908292,1.8509333,1.9579539,2.16655173,1.5835218,1.6837339,4.21455939,5.600585938,5.7076799,5.435102,4.8992114,5.29852957,4.720245,4.755971
8/14/18,5.17241379,5.919921875,6.32648561,5.6717463,5.3954887,5.49353395,5.299392,5.105893,1.03448276,1.280700684,1.51244258,1.2980957,1.4801496,1.42746279,1.2039801,1.3916831,4.13793103,4.639648438,4.82703967,4.4648347,3.8953776,4.22529152,3.8736649,3.7584853
8/15/18,4.82758621,5.486816406,5.87516582,5.3822527,5.0947795,5.23503395,4.9547143,4.6388345,1.34099617,1.160583496,1.38830269,1.2097898,1.3694131,1.37351979,1.137159,1.1824133,3.48659004,4.327148438,4.48644442,4.170221,3.8285036,3.93490911,3.5072522,3.566313
8/16/18,5.3256705,5.410644531,5.69253289,5.1445303,5.0947585,5.01750101,4.7668347,4.589991,0.99616858,1.220794678,1.4232506,1.0411199,1.2418232,1.19439001,0.9281487,1.0242517,4.32950192,4.188964844,4.26097043,4.0628366,3.7563314,3.76889262,3.3907604,3.511327
8/17/18,5.09578544,5.94140625,6.23143743,6.014443,5.850272,5.6237671,5.4264617,5.0580587,1.14942529,1.316833496,1.52396885,1.3783379,1.4464974,1.38037258,1.276845,1.135492,3.94636015,4.625488281,4.6933658,4.579041,4.2280827,4.24924163,4.251303,3.9572518
8/18/18,2.14559387,2.788741269,2.14013986,2.406996,2.3782756,1.7928788,1.7818111,1.9324478,0.53639847,0.885762925,0.4147652,0.62209195,0.71429956,0.37886372,0.5946521,0.48404953,1.6091954,1.902978343,1.72238413,1.6775793,1.5392134,1.38438634,1.2206416,1.3904793
8/19/18,0.84291188,0.922445736,0.24823539,1.2093759,1.0944476,0.0229651,0.80460143,0.8475485,0.1532567,0.183527993,-0.2726838,0.3158148,0.3602476,-0.22493036,0.19044347,0.20591116,0.68965517,0.738917744,0.52883774,0.8817345,0.7150287,0.29955255,0.48728594,0.57556206
8/20/18,5.59386973,7.64453125,8.02490431,7.1800027,6.703252,7.09272181,6.7927666,6.0774374,1.07279693,2.139099121,2.35887393,1.7571527,1.9014839,2.05412963,1.5861729,1.6253563,4.5210728,5.505859375,5.66515247,5.429811,4.826786,5.19383626,4.6339154,4.5895762
8/21/18,4.63601533,5.863769531,6.30429040,5.786149,5.4758654,5.55375689,5.4146156,5.099911,1.18773946,1.272216797,1.5069124,1.3602685,1.4397877,1.22410609,1.3853792,1.2101783,3.44827586,4.592285156,4.79205053,4.447153,3.9621747,4.32204692,4.1578445,3.857816
8/22/18,4.6743295,5.465332031,5.87879356,5.601026,5.273387,5.18962121,5.234112,4.7990065,0.99616858,1.163574219,1.39125521,1.2266415,1.3040823,1.29563596,1.3715329,1.1897533,3.67816092,4.302734375,4.47228367,4.2523365,3.935513,3.97771295,3.884527,3.7206626
8/23/18,5.55555556,5.169921875,5.55344930,5.0217457,4.78883,4.92017142,4.8680205,4.5514526,1.34099617,1.148162842,1.36799515,1.0836147,1.3165823,1.03912216,1.0188004,1.0660002,4.21455939,4.021484375,4.17418032,3.895444,3.5219445,3.7927598,3.6855702,3.5807188
8/24/18,4.94252874,5.714355469,6.11219948,5.8084908,5.566846,5.41803961,5.6452847,4.979624,0.91954023,1.261047363,1.48271127,1.3053085,1.4437466,1.27992589,1.3189958,1.1798203,4.02298851,4.454589844,4.63074653,4.536379,3.9992986,4.22027965,4.153139,4.064885
8/25/18,1.64750958,2.767951555,2.04489354,2.0898888,2.258535,1.62725515,1.7824396,1.8443083,0.53639847,0.856439306,0.38309746,0.6430813,0.6799954,0.28260693,0.4777742,0.59378713,1.11111111,1.911512249,1.67110166,1.6958761,1.500087,1.34472741,1.276758,1.34232
8/26/18,0.84291188,0.915587548,0.27489411,1.1630317,1.2370925,-0.01588872,0.8379893,0.90020144,0.34482759,0.167755496,-0.27289941,0.2513745,0.34171718,-0.26149494,0.26799187,0.29251653,0.49808429,0.747832052,0.54129158,0.6930253,0.80428594,0.29837434,0.48020247,0.56227136
8/27/18,6.16858237,7.390136719,7.73611680,5.897591,6.370357,6.74081701,5.207534,5.5641403,1.18773946,2.029785156,2.24348133,1.3680142,1.5773441,1.79662643,1.1379569,1.2575216,4.98084291,5.361816406,5.48105817,4.9054065,4.5159507,5.05493977,4.305947,4.4080253
8/28/18,4.98084291,5.735351563,6.09598746,5.5294876,5.237719,5.26499767,5.04587,5.078934,1.34099617,1.194824219,1.41440526,1.18057,1.1982569,1.19038562,1.0461339,1.0800039,3.63984674,4.541992188,4.6556815,4.3985124,3.8984447,4.14120423,4.1671247,3.9844687
8/29/18,4.63601533,5.295898438,5.64103901,5.317159,4.905726,5.03760739,4.8683505,4.8184595,0.91954023,1.068603516,1.28486415,1.1393821,1.2384698,1.13515959,1.1535444,1.0387541,3.7164751,4.229003906,4.31791926,4.0834293,3.824271,3.88563541,3.6300166,3.7753165
8/30/18,4.17624521,4.924316406,5.26379994,5.16528,4.863127,4.86262177,4.6472244,4.990487,1.07279693,1.025634766,1.24041123,1.2656269,1.3223369,1.06128819,1.0073417,1.1071765,3.10344828,3.898925781,3.98930548,3.8053071,3.5528908,3.69811162,3.7937632,3.9158518
8/31/18,5.70881226,5.298339844,5.70917669,5.5900254,5.3135767,4.98433516,5.240336,5.0790453,1.49425287,1.091705322,1.32124218,1.1132787,1.3450679,1.05453961,1.0010799,1.0061237,4.21455939,4.208007813,4.37257431,4.19856,3.880434,3.99171649,4.061049,4.300614
9/1/18,2.18390805,2.628530564,1.60631011,1.9789122,1.984557,1.22287165,1.8249218,1.9454507,0.61302682,0.823972875,0.21797021,0.38538864,0.6222192,0.2228467,0.5770367,0.47770712,1.57088123,1.804557689,1.39637652,1.5006696,1.3703468,1.05673621,1.2055355,1.3957124
9/2/18,1.26436782,0.802449517,-0.10856807,1.1562812,1.1921552,-0.18418523,0.8402621,1.0043492,0.34482759,0.139491072,-0.41945806,0.32292527,0.41179696,-0.27701987,0.31757483,0.2525505,0.91954023,0.662958445,0.30494036,0.8328093,0.7894832,0.11492416,0.58671564,0.7167998
9/3/18,1.34099617,1.316894531,2.25927771,1.6202112,1.5155708,1.60374199,1.486802,1.2278596,0.45977011,0.115112305,0.51679479,0.40173978,0.44990483,0.18621471,0.255048,0.2646622,0.88122605,1.202636719,1.7760127,1.0669695,1.0205337,1.48857109,0.85159165,0.95470655
9/4/18,7.16475096,6.65234375,6.65395616,6.964901,6.733766,6.18291962,6.203259,6.637817,1.34099617,1.544158936,1.64028774,1.4552971,1.6210203,1.68264379,1.4092828,1.3907881,5.82375479,5.108886719,5.01729206,4.9751897,4.6911764,4.60551619,5.0477204,4.733097
9/5/18,6.05363985,6.137207031,6.15344147,5.674454,5.6869965,5.8617794,5.0408792,5.215999,1.03448276,1.403839111,1.50153032,1.3246937,1.418075,1.43509332,1.1407679,1.1892458,5.01915709,4.734863281,4.65452701,4.5088167,4.115034,4.40072507,3.7223918,4.059906
9/6/18,4.06130268,5.819335938,5.80805777,5.3599257,4.812196,5.4936397,4.755414,4.4474792,1.14942529,1.370330811,1.46315431,1.0687736,1.257215,1.39050413,0.9721165,1.1899399,2.91187739,4.448730469,4.3429055,4.129663,3.4762154,4.10168695,3.732899,3.7834897
9/7/18,4.32950192,6.250976563,6.28831214,5.894759,5.4268723,6.17624985,5.4567914,5.2794433,0.99616858,1.443969727,1.54804833,1.3511385,1.3747766,1.56672502,1.1833681,1.2694584,3.33333333,4.80859375,4.74830099,4.679508,4.21503,4.55939975,4.203925,4.389043
9/8/18,2.45210728,3.053288647,2.00113746,2.5570133,2.5500724,1.93680219,1.9466982,2.3798733,0.651341,1.010161879,0.37767613,0.76295316,0.7629558,0.40558874,0.5252503,0.6420504,1.80076628,2.043126767,1.67252811,1.7538726,1.5166141,1.5355452,1.2836586,1.7273864
9/9/18,1.11111111,1.177818275,0.07853257,1.1271192,1.1066923,0.24033032,1.0509564,0.99104595,0.42145594,0.305152016,-0.31876836,0.44531485,0.43724123,-0.13061913,0.3942057,0.39165908,0.68965517,0.872666259,0.46017184,0.8016935,0.7454747,0.42641168,0.7215913,0.652391
9/10/18,6.70498084,7.656738281,7.93046951,7.0238423,6.8884263,7.62160832,6.6400476,6.6510324,1.57088123,2.37677002,2.46704262,1.6605484,2.0354168,2.5047844,1.7868948,1.7943453,5.13409962,5.280761719,5.54687455,5.133421,4.5628977,5.28046079,4.931606,4.8811684
9/11/18,5.13409962,6.361328125,6.53491533,5.7269936,5.631286,6.49714116,5.5288954,5.550637,1.4559387,1.675811768,1.74175918,1.407324,1.5801638,1.59031201,1.2414885,1.6555879,3.67816092,4.686523438,4.86002628,4.4769373,3.998936,4.80735489,4.080667,4.283576
9/12/18,5.05747126,5.987792969,6.11903619,5.852984,5.515814,5.76732469,5.5150127,5.455227,1.18773946,1.560913086,1.61943051,1.4983094,1.7479749,1.47598526,1.4554387,1.4720118,3.8697318,4.428222656,4.54336491,4.2963643,3.992719,4.37541024,4.2656894,4.0819793
9/13/18,4.21455939,5.486328125,5.65019529,5.4831014,5.4170313,4.74649298,5.2105856,5.5807943,1.34099617,1.448242188,1.51795112,1.489279,1.6069331,1.30567168,1.247768,1.3515092,2.87356322,4.037597656,4.1742453,4.074276,3.622549,3.6628752,3.9576035,3.9306014
9/14/18,5.74712644,6.112304688,6.26099229,6.7630906,6.3936496,5.35468013,5.45214,6.01321,2.10727969,1.613342285,1.67679131,2.0415165,2.0299037,1.44641544,1.6416897,1.5429392,3.63984674,4.500488281,4.63380104,4.5041924,4.201706,4.00615079,4.0256624,4.08004
9/15/18,2.91187739,3.196230812,2.22998393,2.9377003,2.7604082,2.06211315,2.1617339,2.5869038,1.34099617,1.126760436,0.59093619,1.0175254,0.97346187,0.69306964,0.90283036,0.78088963,1.57088123,2.069470376,1.70260959,1.7459276,1.6650151,1.28104777,1.3765639,1.5522288
9/16/18,0.84291188,1.357961899,0.48628849,1.163923,1.335029,0.51133844,0.98943126,1.0670327,0.38314176,0.439741711,-0.05618949,0.47653028,0.4782205,0.19881676,0.46267563,0.38173282,0.45977011,0.918220188,0.59195649,0.859067,0.74492913,0.31175521,0.60322285,0.5692187
9/17/18,8.04597701,9.067382813,8.93847092,8.647873,8.506208,8.27332885,7.635722,7.716285,3.52490421,3.240997314,3.16267249,3.0909016,3.2166076,2.92893994,2.8159122,2.7711027,4.5210728,5.827148438,5.84936811,5.6672535,5.2240047,5.40568896,4.941588,4.873712
9/18/18,6.24521073,7.208007813,7.16836212,6.7227993,6.460656,6.50058814,5.7910576,6.142913,1.76245211,2.333129883,2.27683638,2.158997,2.4332027,2.32247349,2.4997354,2.2249758,4.48275862,4.875976563,4.96730096,4.6419783,4.075013,4.35349179,3.2815504,3.9391837
9/19/18,7.16475096,6.747558594,6.70325174,6.7110224,6.548303,6.11526816,5.83334,5.867451,2.49042146,2.211425781,2.15238045,2.3107636,2.4040983,2.05919037,2.2763095,2.100013,4.6743295,4.537109375,4.62184797,4.383222,3.9948215,4.07232126,3.403366,3.5774827
9/20/18,5.90038314,6.527832031,6.42938001,6.473492,6.2157974,5.86274214,5.7568207,5.952668,2.72030651,2.239562988,2.16525916,2.0709584,2.242832,2.21759571,2.1752503,2.1267579,3.18007663,4.288085938,4.33975883,4.2443037,3.865693,3.74970577,3.3466616,3.442159